epoca,perdida_train,accuracy_train,perdida_val,accuracy_val,f1_val
1,0.45157894208955535,0.7922953451043339,0.2919432994646904,0.905982905982906,0.8307692307692308
2,0.33922141244093834,0.8619582664526485,0.2248629863105948,0.9202279202279202,0.8571428571428571
3,0.3077578352312789,0.8764044943820225,0.20091194428100206,0.9259259259259259,0.8686868686868687
4,0.2782292622146025,0.8886035313001606,0.18622857332229614,0.9202279202279202,0.8556701030927835
5,0.28192681745771037,0.8821829855537721,0.15891743529895772,0.9373219373219374,0.8910891089108911
6,0.2682870371575149,0.8914927768860353,0.14957772539212152,0.9544159544159544,0.9230769230769231
7,0.25846010965099303,0.8998394863563403,0.14635254519108015,0.9572649572649573,0.9282296650717703
8,0.2558242480837132,0.8921348314606742,0.1471707978394636,0.9572649572649573,0.9295774647887324
9,0.24033802292798534,0.8975922953451043,0.1404741805927706,0.9601139601139601,0.9339622641509434
10,0.2444625920219942,0.9008025682182985,0.13731511310804265,0.9544159544159544,0.9245283018867925
11,0.23911907493972473,0.902728731942215,0.13318748487706197,0.9572649572649573,0.9289099526066351
12,0.25005615976419343,0.895024077046549,0.13157548362712915,0.9544159544159544,0.9238095238095239
13,0.23499548057300512,0.9020866773675762,0.12744770162975008,0.9601139601139601,0.9339622641509434
